الميزة,الطبقة,الحالة,الأولوية,المالك,معيار القبول,حالة الاختبار,توقيع المراجع
التسجيل وإنشاء الحساب,الطالب,موجود,P1,backend-dev,تفعيل بريد إلزامي قبل تنشيط الحساب,ناجح,موقّع
الدخول الموحّد SSO,الطالب,غائب,خارج النطاق,—,يُضاف عند طلب مؤسسي (ADR-0003),—,—
اكتشاف المقررات والكتالوج,الطالب,موجود,—,—,بحث وفلترة عبر Scout,ناجح,موقّع
أنماط التسجيل والمسار,الطالب,جزئي,P3,architect,تمييز audit/verified غير مطلوب حالياً,—,—
المتطلّبات السابقة,الطالب,غائب,P2,backend-dev,منع الالتحاق حتى إكمال متطلّب,معلّق,معلّق
لوحة المتعلّم Dashboard,الطالب,موجود,—,—,قائمة مقررات بفلاتر وحالات,ناجح,موقّع
صفحة البرامج,الطالب,موجود,—,—,مُغطّاة بمسارات التعلّم,ناجح,موقّع
مخطط المقرر Outline,الطالب,موجود,—,—,تنقّل هرمي,ناجح,موقّع
المشغّل المتسلسل,الطالب,جزئي,P2,frontend-dev,أزرار سابق/تالٍ صريحة,معلّق,معلّق
مشغّل الفيديو,الطالب,جزئي,P2,frontend-dev,ضوابط سرعة/جودة/تنزيل + استئناف ظاهر,معلّق,معلّق
النصوص التفاعلية,الطالب,جزئي,P2,frontend-dev,نص قابل للبحث والنقر للانتقال الزمني,معلّق,معلّق
تعليم الإكمال,الطالب,موجود,—,—,مؤشّر إكمال يدوي,ناجح,موقّع
صفحة التقدّم,الطالب,موجود,—,—,درجات لكل عنصر + عتبة,ناجح,موقّع
الشهادات,الطالب,موجود,—,—,PDF + QR + تحقّق عام,ناجح,موقّع
العلامات المرجعية Bookmarks,الطالب,غائب,P2,backend-dev,حفظ/عرض وحدات في صفحة مخصّصة,معلّق,معلّق
الملاحظات والتظليل,الطالب,جزئي,P3,frontend-dev,إضافة تظليل النص,—,—
البحث داخل/عبر المقررات,الطالب,جزئي,P3,backend-dev,بحث داخل محتوى مقرر واحد,—,—
ويكي المقرر,الطالب,غائب,P3,—,قيمة غير مؤكّدة لنموذجنا,—,—
منتديات النقاش,الطالب,جزئي,P2,backend-dev,تمييز إجابة + متابعة موضوع,معلّق,معلّق
نقاشات الفِرق Teams,الطالب,غائب,خارج النطاق,—,منخفض القيمة لـ MVP,—,—
التقييم مفتوح الاستجابة ORA,الطالب,غائب,P3,—,تقييم أقران/طاقم وفق rubric,—,—
الامتحانات المراقَبة Proctoring,الطالب,غائب,خارج النطاق,—,مستبعَد صراحةً (PRD §5),—,—
الإشعارات الذكية,الطالب,موجود,—,—,جرس + مركز إشعارات,ناجح,موقّع
تفضيلات الإشعارات,الطالب,موجود,—,—,تحكّم نوع×قناة,ناجح,موقّع
الملف الشخصي العام,الطالب,موجود,—,—,صورة/نبذة/روابط,ناجح,موقّع
إعدادات الحساب,الطالب,جزئي,P0,backend-dev,تغيير كلمة المرور + حذف/تصدير ذاتي (PDPL),معلّق,معلّق
تطبيقات الجوال,الطالب,غائب,خارج النطاق,—,مؤجَّل (PRD §10),—,—
الواجهة متعددة اللغات وRTL,الطالب,موجود,—,—,RTL + Tajawal + i18n,ناجح,موقّع
تراخيص المحتوى,الطالب,غائب,P3,backend-dev,حقل رخصة لكل مقرر,—,—
المقررات المؤرشفة,الطالب,جزئي,P3,backend-dev,وصول صريح بعد الإكمال,—,—
المشاركة الاجتماعية,الطالب,غائب,P1,frontend-dev,OpenGraph/Twitter لكل مقرر/شهادة,معلّق,معلّق
احتفالات التقدّم Streaks,الطالب,موجود,—,—,نقاط/شارات/streak,ناجح,موقّع
إنشاء مقرر جديد,المؤلّف,موجود,—,—,إنشاء بمعرّف,ناجح,موقّع
مخطط المقرر Outline (تأليف),المؤلّف,موجود,—,—,أقسام/دروس قابلة للترتيب,ناجح,موقّع
حالات النشر,المؤلّف,جزئي,P3,backend-dev,حالات إضافية عند الحاجة,—,—
تواريخ الإصدار والظهور,المؤلّف,غائب,P2,backend-dev,جدولة ظهور لكل قسم/درس,معلّق,معلّق
النشر التدريجي,المؤلّف,غائب,P3,backend-dev,تابع لجدولة الظهور,—,—
مكوّنات الوحدة,المؤلّف,موجود,—,—,إضافة/تحرير/نسخ/حذف,ناجح,موقّع
محرّر المسائل البسيط,المؤلّف,موجود,—,—,3 أنواع بتصحيح آلي,ناجح,موقّع
محرّر XML/OLX,المؤلّف,غائب,خارج النطاق,—,OLX خاص بـ Open edX,—,—
محرّر النص/HTML,المؤلّف,جزئي,P3,frontend-dev,محرّر غني WYSIWYG,—,—
رفع الفيديو والنصوص,المؤلّف,موجود,—,—,3 مزوّدين + تفريغ تلقائي,ناجح,موقّع
سياسة الدرجات,المؤلّف,موجود,—,—,أوزان + عتبة نجاح,ناجح,موقّع
الإعدادات المتقدّمة JSON,المؤلّف,غائب,P3,—,منخفض القيمة,—,—
تفعيل XBlocks,المؤلّف,غائب,خارج النطاق,—,مفهوم XBlock غير متبنّى,—,—
استيراد/تصدير OLX,المؤلّف,جزئي,P3,backend-dev,الاستنساخ موجود؛ OLX خارج النطاق,—,—
قوائم التحقّق Checklists,المؤلّف,غائب,P3,—,—,—,—
التأليف الجماعي Co-authors,المؤلّف,غائب,P2,backend-dev,وصول فريق المقرر مع RBAC,معلّق,معلّق
مكتبات المحتوى v1,المؤلّف,غائب,P2,backend-dev,بنك أسئلة قابل لإعادة الاستخدام عبر المقررات,معلّق,معلّق
مكتبات المحتوى v2,المؤلّف,غائب,P3,—,أقسام كاملة قابلة لإعادة الاستخدام,—,—
امتحان الدخول,المؤلّف,غائب,P3,backend-dev,تابع للمتطلّبات السابقة,—,—
تجارب A/B,المؤلّف,غائب,خارج النطاق,—,منخفض القيمة,—,—
تهيئة الشهادات,المؤلّف,موجود,—,—,تفعيل وتصميم شهادة,ناجح,موقّع
الصفحات والموارد,المؤلّف,جزئي,P3,frontend-dev,تفعيل/إخفاء صفحات لكل مقرر,—,—
الكتب النصية Textbooks,المؤلّف,غائب,P3,backend-dev,رفع PDF مرتبط بالمقرر,—,—
تحديثات المقرر والنشرات,المؤلّف,غائب,P2,backend-dev,إعلانات مقرر + handouts,معلّق,معلّق
بحث الاستوديو,المؤلّف,غائب,P3,frontend-dev,بحث ضمن مقررات المؤلّف,—,—
التحليلات السياقية,المؤلّف,جزئي,P3,—,رؤى داخل الاستوديو,—,—
تحديث واجهة الاستوديو,المؤلّف,موجود,—,—,واجهة حديثة,ناجح,موقّع
المعاينة كطالب,المؤلّف,غائب,P3,frontend-dev,وضع معاينة المحتوى كطالب,—,—
معلومات المقرر (معلّم),المعلّم,موجود,—,—,ملخّص المقرر,ناجح,موقّع
العضوية والتسجيل (معلّم),المعلّم,جزئي,P2,backend-dev,واجهة تسجيل/إلغاء + CSV للمعلّم,معلّق,معلّق
إسناد الأدوار (معلّم),المعلّم,جزئي,P2,backend-dev,إسناد طاقم مساعد للمقرر,معلّق,معلّق
المجموعات Cohorts,المعلّم,غائب,P3,—,تقسيم متعلّمين + محتوى مخصّص,—,—
تمديد المواعيد,المعلّم,غائب,P3,backend-dev,تمديد آجال لفرد/قسم,—,—
إدارة المتعلّم (درجات),المعلّم,جزئي,P1,frontend-dev,عرض/إعادة/تجاوز درجات من الواجهة,معلّق,معلّق
سجلّ الدرجات Gradebook (معلّم),المعلّم,جزئي,P1,frontend-dev,جدول درجات كل الطلاب للمعلّم,معلّق,معلّق
تنزيل التقارير CSV,المعلّم,موجود,—,—,تصدير CSV (إدارة),ناجح,موقّع
البريد الجماعي,المعلّم,غائب,P2,backend-dev,بريد لكل/فئة من المتعلّمين,معلّق,معلّق
التحليلات/Insights (معلّم),المعلّم,جزئي,P2,frontend-dev,لوحة تحليلات للمعلّم,معلّق,معلّق
إدارة ORA,المعلّم,غائب,P3,—,تابع لـ ORA,—,—
إدارة الشهادات (معلّم),المعلّم,جزئي,P2,backend-dev,إصدار/إلغاء يدوي من الواجهة,معلّق,معلّق
إدارة النقاش,المعلّم,موجود,—,—,إشراف/إبلاغ/إخفاء/حظر,ناجح,موقّع
تقرير التدخّلات,المعلّم,غائب,P3,backend-dev,تصدير تقدّم للتدخّل,—,—
الإعلانات والتحديثات (معلّم),المعلّم,غائب,P2,backend-dev,مرتبط بتحديثات الاستوديو,معلّق,معلّق
وحدة إدارية,الإدارة,موجود,—,—,إدارة الإعدادات والسجلات,ناجح,موقّع
إدارة المستخدمين والصلاحيات,الإدارة,موجود,—,—,RBAC عبر spatie,ناجح,موقّع
أدوار عامة,الإدارة,موجود,—,—,5 أدوار في التوكن,ناجح,موقّع
أدوار المقرر/المؤسسة,الإدارة,جزئي,P2,backend-dev,أدوار org-level (تابعة للتأليف الجماعي),معلّق,معلّق
اعتماد منشئي المقررات,الإدارة,موجود,—,—,سير مسودة→مراجعة→نشر,ناجح,موقّع
تعدّد المستأجرين,الإدارة,غائب,خارج النطاق,—,ADR-0001 Single-tenant,—,—
تهيئة الموقع والهوية,الإدارة,موجود,—,—,site_contents قابل للتحرير,ناجح,موقّع
أنماط التسجيل والأسعار,الإدارة,موجود,—,—,Commerce خلف الراية,ناجح,موقّع
خدمة اكتشاف المقررات,الإدارة,موجود,—,—,كتالوج + Scout,ناجح,موقّع
إدارة البرامج والاعتمادات,الإدارة,موجود,—,—,مُغطّى بمسارات التعلّم,ناجح,موقّع
قوالب الشهادات,الإدارة,جزئي,P3,backend-dev,محرّر قوالب,—,—
مفاتيح الميزات,الإدارة,موجود,—,—,FeatureFlags عبر settings,ناجح,موقّع
المصادقة الخارجية,الإدارة,غائب,خارج النطاق,—,ADR-0003 (Sanctum),—,—
الامتثال للخصوصية Retirement,الإدارة,جزئي,P0,backend-dev,إخفاء هوية + تصدير + حذف مجدول (PDPL),معلّق,معلّق
منظومة التحليلات Aspects,الإدارة,غائب,خارج النطاق,—,تحليلات مُجمَّعة كافية (PRD §5),—,—
مصارف الأحداث xAPI/Caliper,الإدارة,غائب,P3,—,عند طلب تكامل LRS,—,—
إدارة البحث والفهرسة,الإدارة,موجود,—,—,Meilisearch عبر Scout,ناجح,موقّع
النشر والترقية,الإدارة,موجود,—,—,Docker + دليل النشر,ناجح,موقّع
مهام الخلفية والجدولة,الإدارة,موجود,—,—,Horizon + أوامر مجدولة,ناجح,موقّع
إدارة المحتوى المعاد استخدامه,الإدارة,غائب,P2,backend-dev,تابع لمكتبات المحتوى,معلّق,معلّق
سجلّات الأحداث والتدقيق,الإدارة,موجود,—,—,سجل تدقيق بلا IP (PDPL),ناجح,موقّع
نوع سؤال: صناديق اختيار,المكوّنات,جزئي,P2,backend-dev,فصل نوع متعدّد الإجابات صريحاً,معلّق,معلّق
نوع سؤال: قائمة منسدلة,المكوّنات,غائب,P2,backend-dev,نوع dropdown بتصحيح آلي,معلّق,معلّق
نوع سؤال: إدخال نصّي/Regex,المكوّنات,جزئي,P2,backend-dev,دعم مطابقة regex,معلّق,معلّق
نوع سؤال: إدخال رقمي + تحمّل خطأ,المكوّنات,غائب,P2,backend-dev,رقمي بهامش خطأ,معلّق,معلّق
نوع سؤال: تعبير رياضي MathJax,المكوّنات,غائب,P3,frontend-dev,عرض MathJax,—,—
نوع سؤال: السحب والإفلات,المكوّنات,غائب,P3,frontend-dev,تفاعلي,—,—
نوع سؤال: LaTeX,المكوّنات,غائب,P3,—,—,—,—
نوع سؤال: مصحّح خارجي/كود,المكوّنات,غائب,خارج النطاق,—,يتطلّب codejail/xqueue,—,—
نوع سؤال: ORA,المكوّنات,غائب,P3,—,تقييم أقران/طاقم,—,—
مكوّن: LTI Consumer,المكوّنات,غائب,خارج النطاق,—,معيار تكامل,—,—
مكوّن: SCORM,المكوّنات,غائب,خارج النطاق,—,XBlock تثبيت,—,—
مكوّن: استطلاع/تصويت,المكوّنات,موجود,—,—,عبر Engagement (غير مدمج بالاختبار),ناجح,موقّع
مكوّن: سحابة كلمات,المكوّنات,غائب,P3,—,—,—,—
مكوّن: الإكمال اليدوي,المكوّنات,موجود,—,—,عبر تتبّع التقدّم,ناجح,موقّع
UX: الوضع الليلي Dark Mode,التصميم,غائب,P3,frontend-dev,تبديل ثيم,—,—
UX: i18n توجيه لغات,التصميم,جزئي,P2,frontend-dev,توجيه لغات + hreflang,معلّق,معلّق
SEO: ميتا لكل صفحة,التصميم,جزئي,P1,frontend-dev,عنوان/وصف لكل مقرر/مسار,معلّق,معلّق
SEO: schema.org JSON-LD,التصميم,غائب,P1,frontend-dev,JSON-LD Course/Offer لكل مقرر,معلّق,معلّق
SEO: OpenGraph/Twitter,التصميم,غائب,P1,frontend-dev,وسوم لكل مقرر/شهادة,معلّق,معلّق
SEO: canonical,التصميم,غائب,P1,frontend-dev,توحيد canonical للمقرر,معلّق,معلّق
SEO: hreflang,التصميم,غائب,P2,frontend-dev,وسوم للنسخ اللغوية,معلّق,معلّق
SEO: تحسين الصور,التصميم,جزئي,P3,frontend-dev,WebP/lazy-load,—,—
a11y: سمات ARIA,التصميم,جزئي,P1,compliance,تغطية الأزرار/الحقول/المناطق الحيّة,معلّق,معلّق
a11y: تباين الألوان,التصميم,غائب,P1,compliance,فحص تباين AA,معلّق,معلّق
a11y: تنقّل لوحة المفاتيح,التصميم,غائب,P1,compliance,تشغيل كامل + focus ظاهر,معلّق,معلّق
a11y: فحص آلي,التصميم,غائب,P1,qa-tester,إدماج فحص a11y في الاختبارات,معلّق,معلّق
امتثال: WCAG 2.2 AA,المعايير,جزئي,P1,compliance,اجتياز فحص AA منهجي,معلّق,معلّق
امتثال: PDPL حقوق الأفراد,المعايير,جزئي,P0,compliance,تصدير/حذف/إخفاء هوية موثّق,معلّق,معلّق
امتثال: GDPR تصدير/حذف,المعايير,جزئي,P0,backend-dev,حق الحذف والتصدير الذاتي,معلّق,معلّق
